"bnavn1";"tliten";"tstor, vegnummer";"lat";"lon";"harAp";"apBeskr";"kommunenr";"bomstasjonId";"aadtTotal";"aadtLGV";"aadtYear";"aadtId"
"Svinesund (Sonvikvn.)";"20.0";"100.0";"Ev6";"59.10881";"11.25596";"Ja";"AutoPASS + manuell";"0101";"92260258";"14427";"16";"2013";"91907673"
"Raukerud";"23.0";"46.0";"Ev6";"59.48564";"10.70718";"Ja";"AutoPASS + automatisk";"0104";"92269108";"31366";"15";"2013";"91907617"
"HOVINMOEN";"14.0";"28.0";"Ev6";"60.18095";"11.17289";"Ja";"AutoPASS + automatisk";"0235";"261942611";"19570";"15";"2013";"255171064"
"HOVINMOEN";"14.0";"28.0";"Ev6";"60.18095";"11.17289";"Ja";"AutoPASS + automatisk";"0235";"261942611";"19570";"15";"2013";"255171064"
"Andelva";"15.0";"30.0";"Ev6";"60.30649";"11.14134";"Ja";"AutoPASS + automatisk";"0237";"305830577";"14270";"15";"2013";"237446517"
"Andelva";"15.0";"30.0";"Ev6";"60.30649";"11.14134";"Ja";"AutoPASS + automatisk";"0237";"305830577";"14270";"15";"2013";"237446517"
"Tømte";"11.0";"22.0";"Ev6";"60.37159";"11.20553";"Ja";"AutoPASS + automatisk";"0237";"305830476";"13000";"18";"2013";"319606904"
"Tømte";"11.0";"22.0";"Ev6";"60.37159";"11.20553";"Ja";"AutoPASS + automatisk";"0237";"305830476";"13000";"18";"2013";"319606904"
"E6 Europavegen";"31.0";"93.0";"Ev6";"59.87818";"10.81977";"Ja";"AutoPASS + automatisk";"0301";"86574511";"69000";"8";"2013";"86338436"
"E6 Djupdalsveien v/ Alna";"31.0";"93.0";"Ev6";"59.92365";"10.83034";"Ja";"AutoPASS + automatisk";"0301";"86574510";"24500";"13";"2013";"86338424"
"R190 Ulven";"31.0";"93.0";"Ev6";"59.92216";"10.82581";"Ja";"AutoPASS + automatisk";"0301";"209148809";"48100";"12";"2013";"86337987"
"Rampe E6 Europaveg  mot Oslo";"31.0";"93.0";"Ev6";"59.87837";"10.82021";"Ja";"AutoPASS + automatisk";"0301";"209148808";"5100";"8";"2013";"237419802"
"Kolomoen";"17.0";"34.0";"Ev6";"60.64937";"11.29279";"Ja";"AutoPASS + automatisk";"0417";"262052940";"12800";"16";"2013";"237495623"
"Kolomoen";"17.0";"34.0";"Ev6";"60.64937";"11.29279";"Ja";"AutoPASS + automatisk";"0417";"262052940";"12800";"16";"2013";"237495623"
"Tingberg";"22.0";"44.0";"Ev6";"61.27214";"10.39998";"Ja";"AutoPASS + automatisk";"0521";"370897162";"6580";"18";"2013";"376214081"
"Tingberg";"22.0";"44.0";"Ev6";"61.27214";"10.39998";"Ja";"AutoPASS + automatisk";"0521";"370897162";"6580";"18";"2013";"376214081"
"Klett-E6";"10.0";"30.0";"Ev6";"63.32601";"10.33143";"Ja";"AutoPASS + automatisk";"1601";"265182535";"21870";"13";"2013";"84802989"
"Klett-E6";"10.0";"30.0";"Ev6";"63.32601";"10.33143";"Ja";"AutoPASS + automatisk";"1601";"265182535";"21870";"13";"2013";"84802989"
"E6 Tonstad";"8.0";"24.0";"Ev6";"63.37183";"10.37943";"Ja";"AutoPASS + automatisk";"1601";"487415246";"34800";"12";"2013";"84802835"
"E6 Tonstad";"8.0";"24.0";"Ev6";"63.37183";"10.37943";"Ja";"AutoPASS + automatisk";"1601";"487415246";"34800";"12";"2013";"84802835"
"Ranheim";"33.0";"66.0";"Ev6";"63.42260";"10.55476";"Ja";"AutoPASS + automatisk";"1601";"264832263";"18210";"12";"2013";"84802807"
"Hommelvik";"17.0";"34.0";"Ev6";"63.41533";"10.82518";"Ja";"AutoPASS + automatisk";"1663";"264832262";"15110";"15";"2013";"84802977"
"Kroppan bru-Sør";"5.0";"10.0";"Ev6";"63.39818";"10.39352";"Ja";"AutoPASS + automatisk";"1601";"264832271";"18860";"7";"2013";"84802788"
"Kroppan bru-Nord";"5.0";"10.0";"Ev6";"63.39915";"10.39424";"Ja";"AutoPASS + automatisk";"1601";"264832270";"18860";"7";"2013";"84802788"
"E6 Tonstad";"8.0";"24.0";"Ev6";"63.37088";"10.37687";"Ja";"AutoPASS + automatisk";"1601";"487415244";"4200";"0";"2013";"84802718"
"E6 Tonstad";"8.0";"24.0";"Ev6";"63.37088";"10.37687";"Ja";"AutoPASS + automatisk";"1601";"487415244";"4200";"0";"2013";"84802718"
"E6 Tonstad";"8.0";"24.0";"Ev6";"63.37195";"10.38018";"Ja";"AutoPASS + automatisk";"1601";"487415245";"4100";"0";"2013";"84802716"
"E6 Tonstad";"8.0";"24.0";"Ev6";"63.37195";"10.38018";"Ja";"AutoPASS + automatisk";"1601";"487415245";"4100";"0";"2013";"84802716"
"Brøsetvegen";"8.0";"24.0";"Ev6";"63.40895";"10.43971";"Ja";"AutoPASS + automatisk";"1601";"487458623";"3150";"0";"2013";"84802692"
"Brøsetvegen";"8.0";"24.0";"Ev6";"63.40895";"10.43971";"Ja";"AutoPASS + automatisk";"1601";"487458623";"3150";"0";"2013";"84802692"
"Leistad rampe sør";"17.0";"34.0";"Ev6";"63.42232";"10.63174";"Ja";"AutoPASS + automatisk";"1663";"85374305";"690";"0";"2013";"84802687"
"Nybakk";"22.0";"44.0";"Ev16";"60.12256";"11.29976";"Ja";"AutoPASS + automatisk";"0235";"154764976";"9165";"14";"2013";"159585578"
"Nybakk";"22.0";"44.0";"Ev16";"60.12256";"11.29976";"Ja";"AutoPASS + automatisk";"0235";"154764976";"9165";"14";"2013";"159585578"
"E16 BOLSTADTUNNELEN VEST";"43.0";"86.0";"Ev16";"60.63549";"5.94083";"Ja";"AutoPASS + automatisk";"1235";"271705784";"4000";"17";"2013";"481162645"
"Brennemoen";"25.0";"50.0";"Ev18";"59.57636";"11.27564";"Ja";"AutoPASS + automatisk";"0125";"154787483";"9318";"11";"2013";"374207038"
"E18 Dalen";"25.0";"50.0";"Ev18";"59.59382";"11.08617";"Ja";"AutoPASS + automatisk";"0123";"272037778";"9397";"15";"2013";"341700583"
"E.18 Hovedløp";"15.5";"46.5";"Ev18";"59.90984";"10.62807";"Ja";"AutoPASS + automatisk";"0219";"209148812";"72030";"11";"2013";"237470199"
"E.18 Hovedløp";"15.5";"46.5";"Ev18";"59.90984";"10.62807";"Ja";"AutoPASS + automatisk";"0219";"209148812";"72030";"11";"2013";"237470199"
"Rampe Lysaker til Ev 18";"15.5";"46.5";"Ev18";"59.91154";"10.63324";"Ja";"AutoPASS + automatisk";"0219";"217619592";"-9999";"-9999";"-9999";"-9999"
"Rampe Lysaker til Ev 18";"15.5";"46.5";"Ev18";"59.91154";"10.63324";"Ja";"AutoPASS + automatisk";"0219";"217619592";"-9999";"-9999";"-9999";"-9999"
"Rampe Fornebu til E 18";"15.5";"46.5";"Ev18";"59.90971";"10.62833";"Ja";"AutoPASS + automatisk";"0219";"209148815";"10900";"8";"2013";"275340526"
"Rampe Fornebu til E 18";"15.5";"46.5";"Ev18";"59.90971";"10.62833";"Ja";"AutoPASS + automatisk";"0219";"209148815";"10900";"8";"2013";"275340526"
"Pårampe E 18 Lysakerlokket";"15.5";"46.5";"Ev18";"59.91158";"10.63279";"Ja";"AutoPASS + automatisk";"0219";"209148816";"-9999";"-9999";"-9999";"-9999"
"Pårampe E 18 Lysakerlokket";"15.5";"46.5";"Ev18";"59.91158";"10.63279";"Ja";"AutoPASS + automatisk";"0219";"209148816";"-9999";"-9999";"-9999";"-9999"
"Pårampe Granfoss fra E 18";"15.5";"46.5";"Ev18";"59.90922";"10.62675";"Ja";"AutoPASS + automatisk";"0219";"209148813";"12700";"7";"2013";"218784674"
"Pårampe Granfoss fra E 18";"15.5";"46.5";"Ev18";"59.90922";"10.62675";"Ja";"AutoPASS + automatisk";"0219";"209148813";"12700";"7";"2013";"218784674"
"E18 Mosseveien";"31.0";"93.0";"Ev18";"59.88492";"10.76865";"Ja";"AutoPASS + automatisk";"0301";"86574503";"24771";"10";"2013";"86338495"
"E18 Maritim";"31.0";"93.0";"Ev18";"59.92050";"10.67267";"Ja";"AutoPASS + automatisk";"0301";"86574502";"72500";"12";"2013";"237417121"
"Pårampe E18 Maritim";"31.0";"93.0";"Ev18";"59.92039";"10.67733";"Ja";"AutoPASS + automatisk";"0301";"147093914";"5300";"7";"2009";"218644069"
"Skinmo";"12.0";"24.0";"Ev18";"59.11974";"10.13212";"Ja";"AutoPASS + automatisk";"0709";"267487703";"22000";"14";"2013";"371261634"
"Sky";"18.0";"36.0";"Ev18";"59.07049";"9.94013";"Ja";"AutoPASS + automatisk";"0709";"337541380";"14200";"18";"2013";"370968028"
"Sky";"18.0";"36.0";"Ev18";"59.07049";"9.94013";"Ja";"AutoPASS + automatisk";"0709";"337541380";"14200";"18";"2013";"370968028"
"Østerholtheia";"30.0";"60.0";"Ev18";"58.86763";"9.15063";"Ja";"AutoPASS + automatisk";"0911";"84580545";"7050";"20";"2013";"240036439"
"Inntjore";"15.0";"30.0";"Ev18";"58.29688";"8.46181";"Ja";"AutoPASS + automatisk";"0904";"267766136";"12100";"14";"2013";"237339932"
"Inntjore";"15.0";"30.0";"Ev18";"58.29688";"8.46181";"Ja";"AutoPASS + automatisk";"0904";"267766136";"12100";"14";"2013";"237339932"
"Kviksdalen";"15.0";"30.0";"Ev18";"58.20017";"8.19204";"Ja";"AutoPASS + automatisk";"0926";"329869871";"15500";"13";"2013";"237335439"
"Kviksdalen";"15.0";"30.0";"Ev18";"58.20017";"8.19204";"Ja";"AutoPASS + automatisk";"0926";"329869871";"15500";"13";"2013";"237335439"
"Bjørndalsletta";"14.0";"28.0";"Ev18";"58.16207";"8.02329";"Ja";"AutoPASS + automatisk";"1001";"86228352";"41850";"8";"2013";"85801017"
"Bjørndalsletta";"14.0";"28.0";"Ev18";"58.16207";"8.02329";"Ja";"AutoPASS + automatisk";"1001";"86228352";"41850";"8";"2013";"85801017"
"Vesterveien";"14.0";"28.0";"Ev39";"58.14120";"7.97643";"Ja";"AutoPASS + automatisk";"1001";"272300229";"39400";"11";"2013";"85800944"
"Handeland";"25.0";"50.0";"Ev39";"58.21786";"7.01866";"Ja";"AutoPASS + automatisk";"1032";"319668380";"5500";"10";"2013";"85800915"
"Handeland";"25.0";"50.0";"Ev39";"58.21786";"7.01866";"Ja";"AutoPASS + automatisk";"1032";"319668380";"5500";"10";"2013";"85800915"
"Bråstein";"20.0";"50.0";"Ev39";"58.79599";"5.79377";"Ja";"Har autopass";"1102";"79813777";"17900";"10";"2013";"79293565"
"Bråstein";"20.0";"50.0";"Ev39";"58.79599";"5.79377";"Ja";"Har autopass";"1102";"79813777";"17900";"10";"2013";"79293565"
"Forus";"20.0";"50.0";"Ev39";"58.88908";"5.71657";"Ja";"Har autopass";"1102";"79813742";"55600";"9";"2013";"323512532"
"Forus";"20.0";"50.0";"Ev39";"58.88908";"5.71657";"Ja";"Har autopass";"1102";"79813742";"55600";"9";"2013";"323512532"
"E39 Randabergveien";"20.0";"50.0";"Ev39";"58.98352";"5.67254";"Ja";"Har autopass";"1103";"79813754";"19300";"6";"2013";"79294438"
"E39 Randabergveien";"20.0";"50.0";"Ev39";"58.98352";"5.67254";"Ja";"Har autopass";"1103";"79813754";"19300";"6";"2013";"79294438"
"LILAND";"12.0";"24.0";"Ev39";"59.49436";"5.43723";"Ja";"AutoPASS + automatisk";"1146";"264392511";"3600";"16";"2013";"79294872"
"LILAND";"12.0";"24.0";"Ev39";"59.49436";"5.43723";"Ja";"AutoPASS + automatisk";"1146";"264392511";"3600";"16";"2013";"79294872"
"Fjøsangerveien";"25.0";"50.0";"Ev39";"60.35241";"5.33814";"Ja";"AutoPASS + automatisk";"1201";"141140381";"45600";"9";"2013";"159526725"
"Fjøsangerveien";"25.0";"50.0";"Ev39";"60.35241";"5.33814";"Ja";"AutoPASS + automatisk";"1201";"141140381";"45600";"9";"2013";"159526725"
"Nygårdsbroen";"25.0";"50.0";"Ev39";"60.37924";"5.33567";"Ja";"AutoPASS + automatisk";"1201";"82559836";"54400";"8";"2013";"81877465"
"E39 Sandviken";"25.0";"50.0";"Ev39";"60.41780";"5.31333";"Ja";"AutoPASS + automatisk";"1201";"82443541";"27600";"8";"2013";"81877171"
"Buvika";"20.0";"40.0";"Ev39";"63.31115";"10.19489";"Ja";"AutoPASS + automatisk";"1657";"264832261";"10020";"12";"2013";"84802921"
"Buvika";"20.0";"40.0";"Ev39";"63.31115";"10.19489";"Ja";"AutoPASS + automatisk";"1657";"264832261";"10020";"12";"2013";"84802921"
"Strandheim";"20.0";"40.0";"Ev39";"63.32629";"9.89897";"Ja";"AutoPASS + automatisk";"1657";"119353048";"7680";"13";"2013";"157084382"
"Strandheim";"20.0";"40.0";"Ev39";"63.32629";"9.89897";"Ja";"AutoPASS + automatisk";"1657";"119353048";"7680";"13";"2013";"157084382"
"HODNAFJELL";"12.0";"24.0";"Ev134";"59.46161";"5.48178";"Ja";"AutoPASS + automatisk";"1146";"264392510";"-9999";"-9999";"-9999";"-9999"
"TOSKATJØRN";"12.0";"24.0";"Ev134";"59.41025";"5.34339";"Ja";"AutoPASS + automatisk";"1106";"264392512";"17000";"10";"2013";"79293108"
"NORHEIM";"12.0";"24.0";"Ev134";"59.37697";"5.30327";"Ja";"AutoPASS + automatisk";"1149";"264392518";"21000";"8";"2013";"79293476"
"Åkrafjorden";"40.0";"80.0";"Ev134";"59.85005";"6.34957";"Ja";"Har autopass";"1211";"82666851";"1600";"20";"2013";"81877766"
"";"";"";"Ea6";"60.55447";"11.25050";"Ja";"Har autopass";"0417";"522556498";"-9999";"-9999";"-9999";"-9999"
"RV4 Trondheimsveien";"31.0";"93.0";"Rv4";"59.94787";"10.85250";"Ja";"AutoPASS + automatisk";"0301";"86574497";"32400";"7";"2013";"86338479"
"Brekkebygda";"70.0";"175.0";"Rv7";"60.28603";"9.74950";"Ja";"AutoPASS + automatisk";"0605";"518838766";"-9999";"-9999";"-9999";"-9999"
"Grim";"14.0";"28.0";"Rv9";"58.14741";"7.98255";"Ja";"AutoPASS + automatisk";"1001";"86227565";"11200";"11";"2013";"85800876"
"Hardangerbrua";"150.0";"600.0";"Rv13";"60.47291";"6.83715";"Ja";"AutoPASS + automatisk";"1231";"444022242";"1750";"13";"2013";"459933165"
"Rv13 SVELGANE";"43.0";"86.0";"Rv13";"60.58787";"6.60547";"Ja";"AutoPASS + automatisk";"1235";"271705785";"2400";"15";"2013";"81877718"
"Skoppum";"33.0";"66.0";"Rv19";"59.37738";"10.39388";"Ja";"AutoPASS + automatisk";"0701";"267888917";"7400";"16";"2013";"240038350"
"Skoppum";"33.0";"66.0";"Rv19";"59.37738";"10.39388";"Ja";"AutoPASS + automatisk";"0701";"267888917";"7400";"16";"2013";"240038350"
"Oslofjordtunnelen";"50.0";"125.0";"Rv23";"59.69258";"10.65715";"Ja";"AutoPASS + automatisk";"0215";"83873802";"7155";"9";"2013";"83258700"
"Strømsnes";"27.0";"54.0";"Rv80";"67.29902";"15.19273";"Ja";"AutoPASS + automatisk";"1841";"296994218";"3500";"10";"2013";"374501233"
"Vikan";"21.0";"42.0";"Rv80";"67.30319";"14.70377";"Ja";"AutoPASS + automatisk";"1804";"484687985";"-9999";"-9999";"-9999";"-9999"
"Pårampe Granfoss fra Fornebu";"15.5";"46.5";"Rv150";"59.90923";"10.62775";"Ja";"AutoPASS + automatisk";"0219";"209148814";"2500";"8";"2013";"83258582"
"Pårampe Granfoss fra Fornebu";"15.5";"46.5";"Rv150";"59.90923";"10.62775";"Ja";"AutoPASS + automatisk";"0219";"209148814";"2500";"8";"2013";"83258582"
"Store ringvei v/ Gaustad";"31.0";"93.0";"Rv150";"59.94661";"10.72063";"Ja";"AutoPASS + automatisk";"0301";"209148807";"61400";"7";"2013";"86338232"
"Rampe Store ringvei v/Gaustad";"31.0";"93.0";"Rv150";"59.94638";"10.72054";"Ja";"AutoPASS + automatisk";"0301";"86584261";"4000";"10";"2013";"237419804"
"Østre Akervei";"31.0";"93.0";"Rv163";"59.94015";"10.85177";"Ja";"AutoPASS + automatisk";"0301";"86574500";"25000";"13";"2013";"237419811"
"Solasplitten";"20.0";"50.0";"Rv509";"58.89626";"5.65662";"Ja";"AutoPASS + automatisk";"1124";"439126427";"15800";"8";"2013";"489253701"
"Solasplitten";"20.0";"50.0";"Rv509";"58.89626";"5.65662";"Ja";"AutoPASS + automatisk";"1124";"439126427";"15800";"8";"2013";"489253701"
"Hafrsfjord";"20.0";"50.0";"Rv509";"58.96106";"5.61108";"Ja";"Har autopass";"1103";"79813788";"-9999";"-9999";"-9999";"-9999"
"Hafrsfjord";"20.0";"50.0";"Rv509";"58.96106";"5.61108";"Ja";"Har autopass";"1103";"79813788";"-9999";"-9999";"-9999";"-9999"
"Gravdal";"25.0";"50.0";"Rv555";"60.38085";"5.26845";"Ja";"AutoPASS + automatisk";"1201";"82559833";"38700";"8";"2013";"159616923"
"Gravdal";"25.0";"50.0";"Rv555";"60.38085";"5.26845";"Ja";"AutoPASS + automatisk";"1201";"82559833";"38700";"8";"2013";"159616923"
"Gyldenpris";"25.0";"50.0";"Rv555";"60.38173";"5.31546";"Ja";"AutoPASS + automatisk";"1201";"82483423";"4200";"11";"2013";"81876506"
"Gyldenpris";"25.0";"50.0";"Rv555";"60.38173";"5.31546";"Ja";"AutoPASS + automatisk";"1201";"82483423";"4200";"11";"2013";"81876506"
"Bjørndal";"10.0";"20.0";"Rv706";"63.39424";"10.38451";"Ja";"AutoPASS + automatisk";"1601";"264832265";"9000";"11";"2013";"84802368"
"Bjørndal";"10.0";"20.0";"Rv706";"63.39424";"10.38451";"Ja";"AutoPASS + automatisk";"1601";"264832265";"9000";"11";"2013";"84802368"
"E6/Rv706";"8.0";"24.0";"Rv706";"63.43126";"10.48050";"Ja";"AutoPASS + automatisk";"1601";"487458627";"-9999";"-9999";"-9999";"-9999"
"Sluppen";"10.0";"20.0";"Rv706";"63.39646";"10.38823";"Ja";"AutoPASS + automatisk";"1601";"264832266";"11800";"10";"2013";"84802304"
"Sluppen";"10.0";"20.0";"Rv706";"63.39646";"10.38823";"Ja";"AutoPASS + automatisk";"1601";"264832266";"11800";"10";"2013";"84802304"
"Sødal";"14.0";"28.0";"Fv1";"58.17537";"7.97217";"Ja";"AutoPASS + automatisk";"1001";"275436927";"5200";"7";"2013";"85800692"
"Fv7 KJEPSO";"43.0";"86.0";"Fv7";"60.44380";"6.48654";"Ja";"AutoPASS + automatisk";"1238";"271705787";"750";"15";"2013";"81877787"
"Rv7 STEINSDALEN";"43.0";"86.0";"Fv7";"60.36272";"6.07118";"Ja";"AutoPASS + automatisk";"1238";"271705786";"1700";"13";"2013";"81877782"
"Østbyen";"18.0";"36.0";"Fv17";"64.46993";"11.52081";"Ja";"AutoPASS + automatisk";"1703";"114286494";"-9999";"-9999";"-9999";"-9999"
"Skålbones";"21.0";"42.0";"Fv17";"67.24139";"14.71436";"Ja";"AutoPASS + automatisk";"1804";"255990112";"2700";"10";"2013";"88710440"
"Fv 34 Grime";"27.0";"54.0";"Fv34";"60.56063";"10.33270";"Ja";"AutoPASS + automatisk";"0536";"440646103";"1785";"9";"2013";"90354863"
"Kollevoll";"25.0";"50.0";"Fv43";"58.11265";"6.94131";"Ja";"AutoPASS + automatisk";"1032";"319668381";"3500";"9";"2013";"85800841"
"Kåsen";"20.0";"50.0";"Fv44";"58.74225";"5.63786";"Ja";"Har autopass";"1120";"79863637";"17900";"8";"2013";"79294629"
"Skjæveland";"20.0";"50.0";"Fv44";"58.80353";"5.68020";"Ja";"Har autopass";"1120";"79863713";"18500";"8";"2013";"79295996"
"Forusveien";"20.0";"50.0";"Fv44";"58.88976";"5.73108";"Ja";"Har autopass";"1103";"79814251";"11500";"7";"2013";"276563952"
"Fv 45 Gjesdal";"48.0";"85.0";"Fv45";"58.83026";"6.46538";"Ja";"Har autopass";"1122";"79786595";"1100";"7";"2013";"323613863"
"LIKNES";"12.0";"24.0";"Fv47";"59.23485";"5.19785";"Ja";"AutoPASS + automatisk";"1149";"264392515";"4800";"6";"2013";"79293497"
"VEAKROSSEN";"12.0";"24.0";"Fv47";"59.27731";"5.24761";"Ja";"AutoPASS + automatisk";"1149";"264392516";"10250";"6";"2013";"165459769"
"BYGNES";"12.0";"24.0";"Fv47";"59.29838";"5.29211";"Ja";"AutoPASS + automatisk";"1149";"264392517";"13750";"6";"2013";"79293485"
"KARMSUNDGATA SØR";"12.0";"24.0";"Fv47";"59.39918";"5.29371";"Ja";"AutoPASS + automatisk";"1106";"264392514";"24000";"6";"2013";"79293454"
"TITTELSNESVEIEN";"12.0";"24.0";"Fv47";"59.42741";"5.26447";"Ja";"AutoPASS + automatisk";"1106";"264392513";"16000";"6";"2013";"165459773"
"T-forbindelsen";"26.0";"52.0";"Fv47";"59.31297";"5.43114";"Ja";"AutoPASS + automatisk";"1146";"434306365";"3300";"12";"2013";"489813418"
"Atlanterhavstunnelen";"89.0";"660.0";"Fv64";"63.10485";"7.62831";"Ja";"AutoPASS + automatisk";"1554";"265182536";"2120";"8";"2013";"485504351"
"Sykkylvsbrua";"35.0";"105.0";"Fv71";"62.38360";"6.57390";"Ja";"AutoPASS + automatisk";"1528";"537790518";"1320";"10";"2013";"80275666"
"Sykkylvsbrua";"35.0";"105.0";"Fv71";"62.38358";"6.57381";"Ja";"AutoPASS + automatisk";"1528";"537790516";"1320";"10";"2013";"80275666"
"Fv78 Hjartåsen";"27.0";"54.0";"Fv78";"65.87784";"13.16493";"Ja";"AutoPASS + automatisk";"1824";"480752986";"1958";"13";"2012";"88710392"
"Jondalstunnelen";"100.0";"200.0";"Fv107";"60.15896";"6.29861";"Ja";"AutoPASS + automatisk";"1224";"360759955";"250";"15";"2013";"374205766"
"FV 108 Værstebrua";"22.0";"44.0";"Fv108";"59.21411";"10.92652";"Ja";"AutoPASS + automatisk";"0106";"285581593";"8829";"5";"2013";"487480653"
"FV 108 Gamle Kråkerøy bru";"22.0";"44.0";"Fv108";"59.20758";"10.93754";"Ja";"AutoPASS + automatisk";"0106";"285581595";"10625";"6";"2013";"91907016"
"GML Svinesund";"20.0";"100.0";"Fv118";"59.10047";"11.26848";"Ja";"AutoPASS + automatisk";"0101";"92239701";"6059";"2";"2013";"91907531"
"Slitu";"25.0";"50.0";"Fv128";"59.58153";"11.24817";"Ja";"AutoPASS + automatisk";"0125";"147093299";"1860";"8";"2013";"91907113"
"Fossum";"25.0";"50.0";"Fv128";"59.60926";"11.09635";"Ja";"AutoPASS + automatisk";"0123";"151767975";"5041";"11";"2013";"375876316"
"Bærumsveien";"15.5";"46.5";"Fv160";"59.92658";"10.62464";"Ja";"AutoPASS + automatisk";"0219";"209148811";"11000";"5";"2013";"83258434"
"Griniveien";"15.5";"46.5";"Fv168";"59.95263";"10.63354";"Ja";"AutoPASS + automatisk";"0219";"209148810";"13100";"6";"2013";"83258370"
"FÅBERG KIRKE";"18.0";"36.0";"Fv255";"61.16263";"10.36172";"Ja";"AutoPASS + automatisk";"0501";"233027476";"4200";"9";"2013";"90354683"
"Florida";"25.0";"50.0";"Fv256";"60.38179";"5.33294";"Ja";"AutoPASS + automatisk";"1201";"403585193";"6300";"7";"2013";"389413321"
"Auli";"15.0";"30.0";"Fv300";"59.28180";"10.36924";"Ja";"AutoPASS + automatisk";"0704";"157082762";"21000";"10";"2013";"375071745"
"Kjelle";"15.0";"30.0";"Fv308";"59.28540";"10.39568";"Ja";"AutoPASS + automatisk";"0704";"157083316";"12000";"9";"2013";"321917337"
"Kanalen";"15.0";"30.0";"Fv308";"59.26145";"10.41615";"Ja";"AutoPASS + automatisk";"0704";"157083317";"34000";"8";"2013";"87325947"
"Kambo";"23.0";"46.0";"Fv311";"59.48883";"10.69970";"Ja";"AutoPASS + automatisk";"0104";"147093297";"982";"8";"2013";"91907453"
"Presterød";"15.0";"30.0";"Fv311";"59.27356";"10.44354";"Ja";"AutoPASS + automatisk";"0704";"157083315";"23000";"7";"2013";"321917343"
"Gamlevegen";"20.0";"50.0";"Fv314";"58.88537";"5.74270";"Ja";"Har autopass";"1102";"79799750";"7800";"11";"2013";"79294972"
"LUNDGÅRD";"18.0";"36.0";"Fv315";"61.15496";"10.35709";"Ja";"AutoPASS + automatisk";"0501";"233027477";"227";"10";"2013";"90354026"
"Gressbanen";"15.0";"30.0";"Fv325";"59.28306";"10.41478";"Ja";"AutoPASS + automatisk";"0704";"157083314";"10000";"10";"2013";"240038367"
"Årsvoll";"20.0";"50.0";"Fv327";"58.85522";"5.64587";"Ja";"Har autopass";"1124";"79799612";"2500";"10";"2013";"79293223"
"Svanholmen";"20.0";"50.0";"Fv350";"58.89284";"5.70651";"Ja";"Har autopass";"1103";"285843745";"150";"40";"2013";"489536127"
"Grannes";"20.0";"50.0";"Fv382";"58.92874";"5.68742";"Ja";"Har autopass";"1124";"79639103";"5000";"10";"2013";"79293802"
"Kvernevikveien";"20.0";"50.0";"Fv409";"58.97499";"5.61333";"Ja";"Har autopass";"1103";"79632559";"8300";"6";"2013";"79295399"
"Finnestadgeilen";"20.0";"50.0";"Fv413";"58.99604";"5.65678";"Ja";"Har autopass";"1103";"79776979";"3700";"10";"2013";"79293219"
"Forusbeen";"20.0";"50.0";"Fv443";"58.89256";"5.69603";"Ja";"Har autopass";"1102";"285845842";"9200";"10";"2013";"323126472"
"Bærheim";"20.0";"50.0";"Fv443";"58.88379";"5.69328";"Ja";"Har autopass";"1102";"79789863";"9300";"10";"2013";"323585449"
"Nybakk 2";"22.0";"44.0";"Fv450";"60.12233";"11.30009";"Ja";"AutoPASS + automatisk";"0235";"154764977";"350";"7";"2013";"240123670"
"Vestre byområde";"18.0";"36.0";"Fv459";"64.46955";"11.48453";"Ja";"AutoPASS + automatisk";"1703";"265182532";"6000";"10";"2013";"86641183"
"Slagendalen";"15.0";"30.0";"Fv460";"59.28349";"10.43343";"Ja";"AutoPASS + automatisk";"0704";"157083319";"1600";"8";"2013";"370397857"
"Gjervollstad";"25.0";"50.0";"Fv465";"58.21483";"6.79515";"Ja";"AutoPASS + automatisk";"1003";"452038668";"810";"7";"2013";"488277255"
"";"20.0";"50.0";"Fv505";"58.79824";"5.72638";"Ja";"Har autopass";"1120";"403587142";"5900";"9";"2013";"323910634"
"Soma";"20.0";"50.0";"Fv509";"58.86703";"5.69222";"Ja";"Har autopass";"1102";"79813778";"9800";"6";"2013";"276448923"
"Sele";"20.0";"50.0";"Fv510";"58.81418";"5.58848";"Ja";"Har autopass";"1120";"79813801";"5900";"8";"2013";"79293294"
"Nesbuveien";"20.0";"50.0";"Fv510";"58.91458";"5.68552";"Ja";"Har autopass";"1103";"79813792";"5200";"4";"2013";"79293280"
"Fv519 Finnfast Bomstasjon";"150.0";"590.0";"Fv519";"59.11861";"5.76041";"Ja";"Har autopass";"1142";"275731905";"1000";"11";"2013";"240429579"
"Fyllingsdalen";"25.0";"50.0";"Fv540";"60.36398";"5.29756";"Ja";"AutoPASS + automatisk";"1201";"82559834";"15700";"7";"2013";"81877031"
"Spissøy";"65.0";"130.0";"Fv542";"59.73661";"5.37035";"Ja";"AutoPASS + automatisk";"1219";"439256485";"2940";"14";"2013";"81877580"
"HALSNØY";"100.0";"320.0";"Fv544";"59.79648";"5.73352";"Ja";"Har autopass";"1224";"264394704";"820";"12";"2013";"208949171"
"Folgefonn bomstasjon";"72.0";"145.0";"Fv551";"60.13357";"6.33326";"Ja";"Har autopass";"1224";"82359614";"960";"15";"2013";"81877296"
"Straume";"25.0";"50.0";"Fv556";"60.32259";"5.27098";"Ja";"AutoPASS + automatisk";"1201";"82559832";"4400";"8";"2013";"81877529"
"Dolviken";"25.0";"50.0";"Fv557";"60.30956";"5.26654";"Ja";"AutoPASS + automatisk";"1201";"287649715";"6200";"5";"2013";"287723680"
"Osterøybrua";"62.0";"206.0";"Fv566";"60.43011";"5.53487";"Ja";"AutoPASS + automatisk";"1253";"82559838";"3040";"9";"2013";"81876393"
"Storetveitvegen";"25.0";"50.0";"Fv582";"60.34623";"5.34932";"Ja";"AutoPASS + automatisk";"1201";"141140382";"7400";"4";"2013";"81876836"
"Michael Krohnsgate";"25.0";"50.0";"Fv582";"60.38154";"5.31799";"Ja";"AutoPASS + automatisk";"1201";"141140384";"8600";"6";"2013";"204476840"
"Nattlandsveien";"25.0";"50.0";"Fv585";"60.34631";"5.36408";"Ja";"AutoPASS + automatisk";"1201";"141140383";"10900";"5";"2013";"210053091"
"Kalfaret";"25.0";"50.0";"Fv585";"60.38913";"5.33991";"Ja";"AutoPASS + automatisk";"1201";"82559837";"7500";"9";"2013";"81876800"
"Strandveien";"15.5";"46.5";"Fv610";"59.91280";"10.63985";"Ja";"AutoPASS + automatisk";"0219";"209148818";"5980";"8";"2013";"83258053"
"Imarsund";"105.0";"315.0";"Fv680";"63.23388";"8.26802";"Ja";"AutoPASS + automatisk";"1576";"265210642";"490";"12";"2013";"212431366"
"Torgård";"10.0";"30.0";"Fv704";"63.32637";"10.36759";"Ja";"AutoPASS + automatisk";"1601";"487415242";"7910";"13";"2013";"84802532"
"Klett-Fv707";"10.0";"30.0";"Fv707";"63.32442";"10.30665";"Ja";"AutoPASS + automatisk";"1601";"265182534";"5800";"11";"2013";"84802492"
"Ferje Brekstad - Valset";"65.0";"195.0";"Fv710";"63.68645";"9.66733";"Nei";"Kun manuell";"1621";"338309712";"460";"0";"2013";"84802437"
"Våvatnet";"52.0";"260.0";"Fv714";"63.33524";"9.53381";"Ja";"AutoPASS + automatisk";"1613";"459864406";"1570";"20";"2013";"84802413"
"Vaslag";"67.0";"335.0";"Fv714";"63.49540";"9.27449";"Ja";"AutoPASS + automatisk";"1613";"489813800";"-9999";"-9999";"-9999";"-9999"
"Flakk";"82.0";"246.0";"Fv715";"63.44961";"10.19535";"Ja";"AutoPASS + manuell";"1601";"349721902";"1990";"10";"2013";"276353242"
"Rørvik";"82.0";"246.0";"Fv715";"63.50831";"10.13370";"Ja";"AutoPASS + manuell";"1624";"349838035";"1990";"10";"2013";"84802350"
"Krinsvatn";"65.0";"195.0";"Fv715";"63.80258";"10.22872";"Ja";"AutoPASS + automatisk";"1624";"337546677";"1370";"13";"2013";"84802338"
"Namsosbrua";"18.0";"36.0";"Fv769";"64.45935";"11.52324";"Ja";"AutoPASS + automatisk";"1703";"114286492";"6400";"8";"2013";"375043304"
"Bråten";"18.0";"36.0";"Fv769";"64.47686";"11.48319";"Ja";"AutoPASS + automatisk";"1703";"265182533";"1600";"10";"2013";"375043305"
"Øysand";"20.0";"40.0";"Fv800";"63.32255";"10.20905";"Ja";"AutoPASS + automatisk";"1653";"271823939";"1070";"0";"2013";"84804227"
"Thamshavn";"20.0";"40.0";"Fv800";"63.32936";"9.90869";"Ja";"AutoPASS + automatisk";"1657";"271822533";"680";"0";"2013";"84804226"
"Byåsvegen sør for Havstadvegen";"8.0";"24.0";"Fv812";"63.40544";"10.35895";"Ja";"AutoPASS + automatisk";"1601";"487415247";"11100";"5";"2013";"268248889"
"SPANNAVEIEN";"12.0";"24.0";"Fv831";"59.40128";"5.29873";"Ja";"AutoPASS + automatisk";"1106";"264392508";"8500";"6";"2013";"79293436"
"Bøckmansveg";"8.0";"24.0";"Fv856";"63.40548";"10.38296";"Ja";"AutoPASS + automatisk";"1601";"487458620";"6300";"11";"2013";"320426694"
"Ryaforbindelsen";"100.0";"100.0";"Fv858";"69.57571";"18.78412";"Ja";"AutoPASS + automatisk";"1902";"305811795";"500";"9";"2013";"374502093"
"Ryaforbindelsen";"100.0";"100.0";"Fv858";"69.57578";"18.78420";"Ja";"AutoPASS + automatisk";"1902";"305811794";"500";"9";"2013";"374502093"
"Torbjørns Brattsveg";"8.0";"24.0";"Fv860";"63.40878";"10.42068";"Ja";"AutoPASS + automatisk";"1601";"487458621";"15400";"10";"2013";"268248895"
"Jonsvannsvegen";"8.0";"24.0";"Fv861";"63.40929";"10.44054";"Ja";"AutoPASS + automatisk";"1601";"487458622";"9000";"0";"2013";"245575950"
"Haakon VII gate vest for Omkjv";"8.0";"24.0";"Fv868";"63.43026";"10.47596";"Ja";"AutoPASS + automatisk";"1601";"537750758";"-9999";"-9999";"-9999";"-9999"
"Brattsbergvegen nord for omkv.";"8.0";"24.0";"Fv885";"63.40241";"10.40054";"Ja";"AutoPASS + automatisk";"1601";"487458618";"8800";"0";"2013";"320515605"
"Tillerbrua";"10.0";"30.0";"Fv885";"63.34900";"10.43741";"Ja";"AutoPASS + automatisk";"1601";"487415243";"1400";"0";"2013";"276321982"
"SALHUSVEIEN";"12.0";"24.0";"Fv923";"59.40038";"5.28461";"Ja";"AutoPASS + automatisk";"1106";"264392509";"5000";"6";"2013";"164849523"
"SKEISVOLLVEIEN";"12.0";"24.0";"Fv924";"59.42878";"5.27196";"Ja";"AutoPASS + automatisk";"1106";"264392507";"5200";"6";"2013";"165944308"
"SKJOLDAVEGEN";"12.0";"24.0";"Fv938";"59.41498";"5.30700";"Ja";"AutoPASS + automatisk";"1106";"264392506";"7500";"5";"2013";"79293164"
"Være";"10.0";"20.0";"Fv950";"63.43057";"10.56658";"Ja";"AutoPASS + automatisk";"1601";"265182530";"8730";"9";"2013";"320515604"
"Skarsmoen";"16.5";"33.0";"Ft312";"61.28178";"10.29589";"Ja";"AutoPASS + automatisk";"0521";"370897163";"6853";"18";"2011";"90355221"
"Drammensveien";"31.0";"93.0";"Kv161";"59.92206";"10.68509";"Ja";"AutoPASS + automatisk";"0301";"86574496";"15800";"5";"2011";"328461107"
"Sørkedalsveien";"31.0";"93.0";"Kv168";"59.93146";"10.70870";"Ja";"AutoPASS + automatisk";"0301";"86574499";"14000";"6";"2011";"328461122"
"Nedre Leirfoss";"10.0";"30.0";"Kv1827";"63.38156";"10.39241";"Ja";"AutoPASS + automatisk";"1601";"265182531";"2100";"2";"2011";"324914316"
"Gml Oslov N for Skavlandsveg";"8.0";"24.0";"Kv2020";"63.40651";"10.34658";"Ja";"AutoPASS + automatisk";"1601";"487415249";"4800";"10";"2011";"324914322"
"Travbaneveien";"20.0";"50.0";"Kv3150";"58.88955";"5.72117";"Ja";"Har autopass";"1103";"285843746";"-9999";"-9999";"-9999";"-9999"
"Landbruksvegen ved IKEA";"8.0";"24.0";"Kv4235";"63.42683";"10.47505";"Ja";"AutoPASS + automatisk";"1601";"487458625";"4000";"10";"2011";"324914408"
"Damsgård";"25.0";"50.0";"Kv4382";"60.38267";"5.31601";"Ja";"AutoPASS + automatisk";"1201";"141479144";"1800";"5";"2011";"300980264"
"Tempevegen";"8.0";"24.0";"Kv7440";"63.40628";"10.39713";"Ja";"AutoPASS + automatisk";"1601";"487458619";"4000";"6";"2011";"324914553"
"Tungasletta";"8.0";"24.0";"Kv7703";"63.42219";"10.46210";"Ja";"AutoPASS + automatisk";"1601";"487458624";"6400";"10";"2011";"324914558"
"Åsenveien";"20.0";"50.0";"Kv8735";"58.89385";"5.68309";"Ja";"Har autopass";"1124";"285843747";"-9999";"-9999";"-9999";"-9999"
"Ekebergveien";"31.0";"93.0";"Kv11462";"59.88947";"10.78217";"Ja";"AutoPASS + automatisk";"0301";"147093909";"4000";"5";"2012";"360397557"
"Kongsveien";"31.0";"93.0";"Kv13868";"59.88803";"10.77059";"Ja";"AutoPASS + automatisk";"0301";"147093908";"6500";"13";"2012";"360397656"
"Lambertseterveien";"31.0";"93.0";"Kv14102";"59.87898";"10.82262";"Ja";"AutoPASS + automatisk";"0301";"147093907";"12000";"7";"2011";"328460880"
"Middelthuns gate";"31.0";"93.0";"Kv14742";"59.93019";"10.70733";"Ja";"AutoPASS + automatisk";"0301";"147093913";"9200";"7";"1991";"327424756"
"Sandstuveien";"31.0";"93.0";"Kv16175";"59.88803";"10.80766";"Ja";"AutoPASS + automatisk";"0301";"147093910";"4000";"5";"1989";"327424373"
"Slemdalsveien";"31.0";"93.0";"Kv16621";"59.93413";"10.70979";"Ja";"AutoPASS + automatisk";"0301";"157032704";"7400";"7";"1999";"327425934"
"Strømsveien";"31.0";"93.0";"Kv17126";"59.93047";"10.85419";"Ja";"AutoPASS + automatisk";"0301";"147093912";"6100";"7";"2009";"328460098"
"Tvetenveien";"31.0";"93.0";"Kv17852";"59.92644";"10.86212";"Ja";"AutoPASS + automatisk";"0301";"147093911";"12000";"8";"2013";"360397796"
"Presteheia";"14.0";"28.0";"Kv18900";"58.16706";"8.01114";"Ja";"AutoPASS + automatisk";"1001";"267832204";"-9999";"-9999";"-9999";"-9999"
"Karenlyst allè";"31.0";"93.0";"Kv20713";"59.92074";"10.68233";"Ja";"AutoPASS + automatisk";"0301";"264603439";"1000";"5";"2005";"328456851"
"Militærvegen";"20.0";"40.0";"Sv80";"60.80423";"11.61163";"Nei";"Kun manuell";"0427";"536627059";"-9999";"-9999";"-9999";"-9999"
